[
  {
    "codigo": "01",
    "nombre": "Amazonas",
    "provincias": [
      {
        "codigo": "01 C",
        "nombre": "Chachapoyas",
        "distritos": [
          "Chachapoyas",
          "Asunción",
          "Balsas",
          "Cheto",
          "Chiliquin",
          "Chuquibamba",
          "Granada",
          "Huancas",
          "La Jalca",
          "Leimebamba",
          "Levanto",
          "Magdalena",
          "Mariscal Castilla",
          "Molinopampa",
          "Montevideo",
          "Olleros",
          "Quinjalca",
          "San Francisco de Daguas",
          "San Isidro de Maino",
          "Soloco",
          "Sonche"
        ]
      },
      {
        "codigo": "02 B",
        "nombre": "Bagua",
        "distritos": [
          "Bagua",
          "Aramango",
          "Copallin",
          "El Parco",
          "Imaza",
          "La Peca"
        ]
      },
      {
        "codigo": "03 B",
        "nombre": "Bongará",
        "distritos": [
          "Jumbilla",
          "Chisquilla",
          "Churuja",
          "Corosha",
          "Cuispes",
          "Florida",
          "Jazan",
          "Recta",
          "San Carlos",
          "Shipasbamba",
          "Valera",
          "Yambrasbamba"
        ]
      },
      {
        "codigo": "04 C",
        "nombre": "Condorcanqui",
        "distritos": [
          "Nieva",
          "El Cenepa",
          "Río Santiago"
        ]
      },
      {
        "codigo": "05 L",
        "nombre": "Luya",
        "distritos": [
          "Lamud",
          "Camporredondo",
          "Cocabamba",
          "Colcamar",
          "Conila",
          "Inguilpata",
          "Longuita",
          "Lonya Chico",
          "Luya",
          "Luya Viejo",
          "María",
          "Ocalli",
          "Ocumal",
          "Pisuquia",
          "Providencia",
          "San Cristóbal",
          "San Francisco de Yeso",
          "San Jerónimo",
          "San Juan de Lopecancha",
          "Santa Catalina",
          "Santo Tomas",
          "Tingo",
          "Trita"
        ]
      },
      {
        "codigo": "06 R",
        "nombre": "Rodríguez de Mendoza",
        "distritos": [
          "San Nicolás",
          "Chirimoto",
          "Cochamal",
          "Huambo",
          "Limabamba",
          "Longar",
          "Mariscal Benavides",
          "Milpuc",
          "Omia",
          "Santa Rosa",
          "Totora",
          "Vista Alegre"
        ]
      },
      {
        "codigo": "07 U",
        "nombre": "Utcubamba",
        "distritos": [
          "Bagua Grande",
          "Cajaruro",
          "Cumba",
          "El Milagro",
          "Jamalca",
          "Lonya Grande",
          "Yamon"
        ]
      }
    ]
  },
  {
    "codigo": "02",
    "nombre": "Áncash",
    "provincias": [
      {
        "codigo": "01 H",
        "nombre": "Huaraz",
        "distritos": [
          "Huaraz",
          "Cochabamba",
          "Colcabamba",
          "Huanchay",
          "Independencia",
          "Jangas",
          "La Libertad",
          "Olleros",
          "Pampas Grande",
          "Pariacoto",
          "Pira",
          "Tarica"
        ]
      },
      {
        "codigo": "02 A",
        "nombre": "Aija",
        "distritos": [
          "Aija",
          "Coris",
          "Huacllan",
          "La Merced",
          "Succha"
        ]
      },
      {
        "codigo": "03 A",
        "nombre": "Antonio Raymondi",
        "distritos": [
          "Llamellin",
          "Aczo",
          "Chaccho",
          "Chingas",
          "Mirgas",
          "San Juan de Rontoy"
        ]
      },
      {
        "codigo": "04 A",
        "nombre": "Asunción",
        "distritos": [
          "Chacas",
          "Acochaca"
        ]
      },
      {
        "codigo": "05 B",
        "nombre": "Bolognesi",
        "distritos": [
          "Chiquian",
          "Abelardo Pardo Lezameta",
          "Antonio Raymondi",
          "Aquia",
          "Cajacay",
          "Canis",
          "Colquioc",
          "Huallanca",
          "Huasta",
          "Huayllacayan",
          "La Primavera",
          "Mangas",
          "Pacllon",
          "San Miguel de Corpanqui",
          "Ticllos"
        ]
      },
      {
        "codigo": "06 C",
        "nombre": "Carhuaz",
        "distritos": [
          "Carhuaz",
          "Acopampa",
          "Amashca",
          "Anta",
          "Ataquero",
          "Marcara",
          "Pariahuanca",
          "San Miguel de Aco",
          "Shilla",
          "Tinco",
          "Yungar"
        ]
      },
      {
        "codigo": "07 C",
        "nombre": "Carlos Fermín Fitzcarrald",
        "distritos": [
          "San Luis",
          "San Nicolás",
          "Yauya"
        ]
      },
      {
        "codigo": "08 C",
        "nombre": "Casma",
        "distritos": [
          "Casma",
          "Buena Vista Alta",
          "Comandante Noel",
          "Yautan"
        ]
      },
      {
        "codigo": "09 C",
        "nombre": "Corongo",
        "distritos": [
          "Corongo",
          "Aco",
          "Bambas",
          "Cusca",
          "La Pampa",
          "Yanac",
          "Yupan"
        ]
      },
      {
        "codigo": "10 H",
        "nombre": "Huari",
        "distritos": [
          "Huari",
          "Anra",
          "Cajay",
          "Chavin de Huantar",
          "Huacachi",
          "Huacchis",
          "Huachis",
          "Huantar",
          "Masin",
          "Paucas",
          "Ponto",
          "Rahuapampa",
          "Rapayan",
          "San Marcos",
          "San Pedro de Chana",
          "Uco"
        ]
      },
      {
        "codigo": "11 H",
        "nombre": "Huarmey",
        "distritos": [
          "Huarmey",
          "Cochapeti",
          "Culebras",
          "Huayan",
          "Malvas"
        ]
      },
      {
        "codigo": "12 H",
        "nombre": "Huaylas",
        "distritos": [
          "Caraz",
          "Huallanca",
          "Huata",
          "Huaylas",
          "Mato",
          "Pamparomas",
          "Pueblo Libre",
          "Santa Cruz",
          "Santo Toribio",
          "Yuracmarca"
        ]
      },
      {
        "codigo": "13 M",
        "nombre": "Mariscal Luzuriaga",
        "distritos": [
          "Piscobamba",
          "Casca",
          "Eleazar Guzmán Barron",
          "Fidel Olivas Escudero",
          "Llama",
          "Llumpa",
          "Lucma",
          "Musga"
        ]
      },
      {
        "codigo": "14 O",
        "nombre": "Ocros",
        "distritos": [
          "Ocros",
          "Acas",
          "Cajamarquilla",
          "Carhuapampa",
          "Cochas",
          "Congas",
          "Llipa",
          "San Cristóbal de Rajan",
          "San Pedro",
          "Santiago de Chilcas"
        ]
      },
      {
        "codigo": "15 P",
        "nombre": "Pallasca",
        "distritos": [
          "Cabana",
          "Bolognesi",
          "Conchucos",
          "Huacaschuque",
          "Huandoval",
          "Lacabamba",
          "Llapo",
          "Pallasca",
          "Pampas",
          "Santa Rosa",
          "Tauca"
        ]
      },
      {
        "codigo": "16 P",
        "nombre": "Pomabamba",
        "distritos": [
          "Pomabamba",
          "Huayllan",
          "Parobamba",
          "Quinuabamba"
        ]
      },
      {
        "codigo": "17 R",
        "nombre": "Recuay",
        "distritos": [
          "Recuay",
          "Catac",
          "Cotaparaco",
          "Huayllapampa",
          "Llacllin",
          "Marca",
          "Pampas Chico",
          "Pararin",
          "Tapacocha",
          "Ticapampa"
        ]
      },
      {
        "codigo": "18 S",
        "nombre": "Santa",
        "distritos": [
          "Chimbote",
          "Cáceres del Perú",
          "Coishco",
          "Macate",
          "Moro",
          "Nepeña",
          "Samanco",
          "Santa",
          "Nuevo Chimbote"
        ]
      },
      {
        "codigo": "19 S",
        "nombre": "Sihuas",
        "distritos": [
          "Sihuas",
          "Acobamba",
          "Alfonso Ugarte",
          "Cashapampa",
          "Chingalpo",
          "Huayllabamba",
          "Quiches",
          "Ragash",
          "San Juan",
          "Sicsibamba"
        ]
      },
      {
        "codigo": "20 Y",
        "nombre": "Yungay",
        "distritos": [
          "Yungay",
          "Cascapara",
          "Mancos",
          "Matacoto",
          "Quillo",
          "Ranrahirca",
          "Shupluy",
          "Yanama"
        ]
      }
    ]
  },
  {
    "codigo": "03",
    "nombre": "Apurímac",
    "provincias": [
      {
        "codigo": "01 A",
        "nombre": "Abancay",
        "distritos": [
          "Abancay",
          "Chacoche",
          "Circa",
          "Curahuasi",
          "Huanipaca",
          "Lambrama",
          "Pichirhua",
          "San Pedro de Cachora",
          "Tamburco"
        ]
      },
      {
        "codigo": "02 A",
        "nombre": "Andahuaylas",
        "distritos": [
          "Andahuaylas",
          "Andarapa",
          "Chiara",
          "Huancarama",
          "Huancaray",
          "Huayana",
          "Kishuara",
          "Pacobamba",
          "Pacucha",
          "Pampachiri",
          "Pomacocha",
          "San Antonio de Cachi",
          "San Jerónimo",
          "San Miguel de Chaccrampa",
          "Santa María de Chicmo",
          "Talavera",
          "Tumay Huaraca",
          "Turpo",
          "Kaquiabamba",
          "José María Arguedas"
        ]
      },
      {
        "codigo": "03 A",
        "nombre": "Antabamba",
        "distritos": [
          "Antabamba",
          "El Oro",
          "Huaquirca",
          "Juan Espinoza Medrano",
          "Oropesa",
          "Pachaconas",
          "Sabaino"
        ]
      },
      {
        "codigo": "04 A",
        "nombre": "Aymaraes",
        "distritos": [
          "Chalhuanca",
          "Capaya",
          "Caraybamba",
          "Chapimarca",
          "Colcabamba",
          "Cotaruse",
          "Ihuayllo",
          "Justo Apu Sahuaraura",
          "Lucre",
          "Pocohuanca",
          "San Juan de Chacña",
          "Sañayca",
          "Soraya",
          "Tapairihua",
          "Tintay",
          "Toraya",
          "Yanaca"
        ]
      },
      {
        "codigo": "05 C",
        "nombre": "Cotabambas",
        "distritos": [
          "Tambobamba",
          "Cotabambas",
          "Coyllurqui",
          "Haquira",
          "Mara",
          "Challhuahuacho"
        ]
      },
      {
        "codigo": "06 C",
        "nombre": "Chincheros",
        "distritos": [
          "Chincheros",
          "Anco_Huallo",
          "Cocharcas",
          "Huaccana",
          "Ocobamba",
          "Ongoy",
          "Uranmarca",
          "Ranracancha",
          "Rocchacc",
          "El Porvenir",
          "Los Chankas",
          "Ahuayro"
        ]
      },
      {
        "codigo": "07 G",
        "nombre": "Grau",
        "distritos": [
          "Chuquibambilla",
          "Curpahuasi",
          "Gamarra",
          "Huayllati",
          "Mamara",
          "Micaela Bastidas",
          "Pataypampa",
          "Progreso",
          "San Antonio",
          "Santa Rosa",
          "Turpay",
          "Vilcabamba",
          "Virundo",
          "Curasco"
        ]
      }
    ]
  },
  {
    "codigo": "04",
    "nombre": "Arequipa",
    "provincias": [
      {
        "codigo": "01 A",
        "nombre": "Arequipa",
        "distritos": [
          "Arequipa",
          "Alto Selva Alegre",
          "Cayma",
          "Cerro Colorado",
          "Characato",
          "Chiguata",
          "Jacobo Hunter",
          "La Joya",
          "Mariano Melgar",
          "Miraflores",
          "Mollebaya",
          "Paucarpata",
          "Pocsi",
          "Polobaya",
          "Quequeña",
          "Sabandia",
          "Sachaca",
          "San Juan de Siguas",
          "San Juan de Tarucani",
          "Santa Isabel de Siguas",
          "Santa Rita de Siguas",
          "Socabaya",
          "Tiabaya",
          "Uchumayo",
          "Vitor",
          "Yanahuara",
          "Yarabamba",
          "Yura",
          "José Luis Bustamante Y Rivero"
        ]
      },
      {
        "codigo": "02 C",
        "nombre": "Camaná",
        "distritos": [
          "Camaná",
          "José María Quimper",
          "Mariano Nicolás Valcárcel",
          "Mariscal Cáceres",
          "Nicolás de Pierola",
          "Ocoña",
          "Quilca",
          "Samuel Pastor"
        ]
      },
      {
        "codigo": "03 C",
        "nombre": "Caravelí",
        "distritos": [
          "Caravelí",
          "Acarí",
          "Atico",
          "Atiquipa",
          "Bella Unión",
          "Cahuacho",
          "Chala",
          "Chaparra",
          "Huanuhuanu",
          "Jaqui",
          "Lomas",
          "Quicacha",
          "Yauca"
        ]
      },
      {
        "codigo": "04 C",
        "nombre": "Castilla",
        "distritos": [
          "Aplao",
          "Andagua",
          "Ayo",
          "Chachas",
          "Chilcaymarca",
          "Choco",
          "Huancarqui",
          "Machaguay",
          "Orcopampa",
          "Pampacolca",
          "Tipan",
          "Uñon",
          "Uraca",
          "Viraco"
        ]
      },
      {
        "codigo": "05 C",
        "nombre": "Caylloma",
        "distritos": [
          "Chivay",
          "Achoma",
          "Cabanaconde",
          "Callalli",
          "Caylloma",
          "Coporaque",
          "Huambo",
          "Huanca",
          "Ichupampa",
          "Lari",
          "Lluta",
          "Maca",
          "Madrigal",
          "San Antonio de Chuca",
          "Sibayo",
          "Tapay",
          "Tisco",
          "Tuti",
          "Yanque",
          "Majes"
        ]
      },
      {
        "codigo": "06 C",
        "nombre": "Condesuyos",
        "distritos": [
          "Chuquibamba",
          "Andaray",
          "Cayarani",
          "Chichas",
          "Iray",
          "Río Grande",
          "Salamanca",
          "Yanaquihua"
        ]
      },
      {
        "codigo": "07 I",
        "nombre": "Islay",
        "distritos": [
          "Mollendo",
          "Cocachacra",
          "Dean Valdivia",
          "Islay",
          "Mejia",
          "Punta de Bombón"
        ]
      },
      {
        "codigo": "08 L",
        "nombre": "La Uniòn",
        "distritos": [
          "Cotahuasi",
          "Alca",
          "Charcana",
          "Huaynacotas",
          "Pampamarca",
          "Puyca",
          "Quechualla",
          "Sayla",
          "Tauria",
          "Tomepampa",
          "Toro"
        ]
      }
    ]
  },
  {
    "codigo": "05",
    "nombre": "Ayacucho",
    "provincias": [
      {
        "codigo": "01 H",
        "nombre": "Huamanga",
        "distritos": [
          "Ayacucho",
          "Acocro",
          "Acos Vinchos",
          "Carmen Alto",
          "Chiara",
          "Ocros",
          "Pacaycasa",
          "Quinua",
          "San José de Ticllas",
          "San Juan Bautista",
          "Santiago de Pischa",
          "Socos",
          "Tambillo",
          "Vinchos",
          "Jesús Nazareno",
          "Andrés Avelino Cáceres Dorregaray"
        ]
      },
      {
        "codigo": "02 C",
        "nombre": "Cangallo",
        "distritos": [
          "Cangallo",
          "Chuschi",
          "Los Morochucos",
          "María Parado de Bellido",
          "Paras",
          "Totos"
        ]
      },
      {
        "codigo": "03 H",
        "nombre": "Huanca Sancos",
        "distritos": [
          "Sancos",
          "Carapo",
          "Sacsamarca",
          "Santiago de Lucanamarca"
        ]
      },
      {
        "codigo": "04 H",
        "nombre": "Huanta",
        "distritos": [
          "Huanta",
          "Ayahuanco",
          "Huamanguilla",
          "Iguain",
          "Luricocha",
          "Santillana",
          "Sivia",
          "Llochegua",
          "Canayre",
          "Uchuraccay",
          "Pucacolpa",
          "Chaca",
          "Putis"
        ]
      },
      {
        "codigo": "05 L",
        "nombre": "La Mar",
        "distritos": [
          "San Miguel",
          "Anco",
          "Ayna",
          "Chilcas",
          "Chungui",
          "Luis Carranza",
          "Santa Rosa",
          "Tambo",
          "Samugari",
          "Anchihuay",
          "Oronccoy",
          "Unión Progreso",
          "Rio Magdalena",
          "Ninabamba",
          "Patibamba"
        ]
      },
      {
        "codigo": "06 L",
        "nombre": "Lucanas",
        "distritos": [
          "Puquio",
          "Aucara",
          "Cabana",
          "Carmen Salcedo",
          "Chaviña",
          "Chipao",
          "Huac-Huas",
          "Laramate",
          "Leoncio Prado",
          "Llauta",
          "Lucanas",
          "Ocaña",
          "Otoca",
          "Saisa",
          "San Cristóbal",
          "San Juan",
          "San Pedro",
          "San Pedro de Palco",
          "Sancos",
          "Santa Ana de Huaycahuacho",
          "Santa Lucia"
        ]
      },
      {
        "codigo": "07 P",
        "nombre": "Parinacochas",
        "distritos": [
          "Coracora",
          "Chumpi",
          "Coronel Castañeda",
          "Pacapausa",
          "Pullo",
          "Puyusca",
          "San Francisco de Rivacayco",
          "Upahuacho"
        ]
      },
      {
        "codigo": "08 P",
        "nombre": "Pàucar del Sara Sara",
        "distritos": [
          "Pausa",
          "Colta",
          "Corculla",
          "Lampa",
          "Marcabamba",
          "Oyolo",
          "Pararca",
          "San Javier de Alpabamba",
          "San José de Ushua",
          "Sara Sara"
        ]
      },
      {
        "codigo": "09 S",
        "nombre": "Sucre",
        "distritos": [
          "Querobamba",
          "Belén",
          "Chalcos",
          "Chilcayoc",
          "Huacaña",
          "Morcolla",
          "Paico",
          "San Pedro de Larcay",
          "San Salvador de Quije",
          "Santiago de Paucaray",
          "Soras"
        ]
      },
      {
        "codigo": "10 V",
        "nombre": "Víctor Fajardo",
        "distritos": [
          "Huancapi",
          "Alcamenca",
          "Apongo",
          "Asquipata",
          "Canaria",
          "Cayara",
          "Colca",
          "Huamanquiquia",
          "Huancaraylla",
          "Hualla",
          "Sarhua",
          "Vilcanchos"
        ]
      },
      {
        "codigo": "11 V",
        "nombre": "Vilcas Huamán",
        "distritos": [
          "Vilcas Huaman",
          "Accomarca",
          "Carhuanca",
          "Concepción",
          "Huambalpa",
          "Independencia",
          "Saurama",
          "Vischongo"
        ]
      }
    ]
  },
  {
    "codigo": "06",
    "nombre": "Cajamarca",
    "provincias": [
      {
        "codigo": "01 C",
        "nombre": "Cajamarca",
        "distritos": [
          "Cajamarca",
          "Asunción",
          "Chetilla",
          "Cospan",
          "Encañada",
          "Jesús",
          "Llacanora",
          "Los Baños del Inca",
          "Magdalena",
          "Matara",
          "Namora",
          "San Juan"
        ]
      },
      {
        "codigo": "02 C",
        "nombre": "Cajabamba",
        "distritos": [
          "Cajabamba",
          "Cachachi",
          "Condebamba",
          "Sitacocha"
        ]
      },
      {
        "codigo": "03 C",
        "nombre": "Celendín",
        "distritos": [
          "Celendín",
          "Chumuch",
          "Cortegana",
          "Huasmin",
          "Jorge Chávez",
          "José Gálvez",
          "Miguel Iglesias",
          "Oxamarca",
          "Sorochuco",
          "Sucre",
          "Utco",
          "La Libertad de Pallan"
        ]
      },
      {
        "codigo": "04 C",
        "nombre": "Chota",
        "distritos": [
          "Chota",
          "Anguia",
          "Chadin",
          "Chiguirip",
          "Chimban",
          "Choropampa",
          "Cochabamba",
          "Conchan",
          "Huambos",
          "Lajas",
          "Llama",
          "Miracosta",
          "Paccha",
          "Pion",
          "Querocoto",
          "San Juan de Licupis",
          "Tacabamba",
          "Tocmoche",
          "Chalamarca"
        ]
      },
      {
        "codigo": "05 C",
        "nombre": "Contumazá",
        "distritos": [
          "Contumaza",
          "Chilete",
          "Cupisnique",
          "Guzmango",
          "San Benito",
          "Santa Cruz de Toledo",
          "Tantarica",
          "Yonan"
        ]
      },
      {
        "codigo": "06 C",
        "nombre": "Cutervo",
        "distritos": [
          "Cutervo",
          "Callayuc",
          "Choros",
          "Cujillo",
          "La Ramada",
          "Pimpingos",
          "Querocotillo",
          "San Andrés de Cutervo",
          "San Juan de Cutervo",
          "San Luis de Lucma",
          "Santa Cruz",
          "Santo Domingo de la Capilla",
          "Santo Tomas",
          "Socota",
          "Toribio Casanova"
        ]
      },
      {
        "codigo": "07 H",
        "nombre": "Hualgayoc",
        "distritos": [
          "Bambamarca",
          "Chugur",
          "Hualgayoc"
        ]
      },
      {
        "codigo": "08 J",
        "nombre": "Jaén",
        "distritos": [
          "Jaén",
          "Bellavista",
          "Chontali",
          "Colasay",
          "Huabal",
          "Las Pirias",
          "Pomahuaca",
          "Pucara",
          "Sallique",
          "San Felipe",
          "San José del Alto",
          "Santa Rosa"
        ]
      },
      {
        "codigo": "09 S",
        "nombre": "San Ignacio",
        "distritos": [
          "San Ignacio",
          "Chirinos",
          "Huarango",
          "La Coipa",
          "Namballe",
          "San José de Lourdes",
          "Tabaconas"
        ]
      },
      {
        "codigo": "10 S",
        "nombre": "San Marcos",
        "distritos": [
          "Pedro Gálvez",
          "Chancay",
          "Eduardo Villanueva",
          "Gregorio Pita",
          "Ichocan",
          "José Manuel Quiroz",
          "José Sabogal"
        ]
      },
      {
        "codigo": "11 S",
        "nombre": "San Miguel",
        "distritos": [
          "San Miguel",
          "Bolívar",
          "Calquis",
          "Catilluc",
          "El Prado",
          "La Florida",
          "Llapa",
          "Nanchoc",
          "Niepos",
          "San Gregorio",
          "San Silvestre de Cochan",
          "Tongod",
          "Unión Agua Blanca"
        ]
      },
      {
        "codigo": "12 S",
        "nombre": "San Pablo",
        "distritos": [
          "San Pablo",
          "San Bernardino",
          "San Luis",
          "Tumbaden"
        ]
      },
      {
        "codigo": "13 S",
        "nombre": "Santa Cruz",
        "distritos": [
          "Santa Cruz",
          "Andabamba",
          "Catache",
          "Chancaybaños",
          "La Esperanza",
          "Ninabamba",
          "Pulan",
          "Saucepampa",
          "Sexi",
          "Uticyacu",
          "Yauyucan"
        ]
      }
    ]
  },
  {
    "codigo": "07",
    "nombre": "Callao",
    "provincias": [
      {
        "codigo": "01 P",
        "nombre": "Prov. Const. del Callao",
        "distritos": [
          "Callao",
          "Bellavista",
          "Carmen de la Legua Reynoso",
          "La Perla",
          "La Punta",
          "Ventanilla",
          "Mi Perú"
        ]
      }
    ]
  },
  {
    "codigo": "08",
    "nombre": "Cusco",
    "provincias": [
      {
        "codigo": "01 C",
        "nombre": "Cusco",
        "distritos": [
          "Cusco",
          "Ccorca",
          "Poroy",
          "San Jerónimo",
          "San Sebastian",
          "Santiago",
          "Saylla",
          "Wanchaq"
        ]
      },
      {
        "codigo": "02 A",
        "nombre": "Acomayo",
        "distritos": [
          "Acomayo",
          "Acopia",
          "Acos",
          "Mosoc Llacta",
          "Pomacanchi",
          "Rondocan",
          "Sangarara"
        ]
      },
      {
        "codigo": "03 A",
        "nombre": "Anta",
        "distritos": [
          "Anta",
          "Ancahuasi",
          "Cachimayo",
          "Chinchaypujio",
          "Huarocondo",
          "Limatambo",
          "Mollepata",
          "Pucyura",
          "Zurite"
        ]
      },
      {
        "codigo": "04 C",
        "nombre": "Calca",
        "distritos": [
          "Calca",
          "Coya",
          "Lamay",
          "Lares",
          "Pisac",
          "San Salvador",
          "Taray",
          "Yanatile"
        ]
      },
      {
        "codigo": "05 C",
        "nombre": "Canas",
        "distritos": [
          "Yanaoca",
          "Checca",
          "Kunturkanki",
          "Langui",
          "Layo",
          "Pampamarca",
          "Quehue",
          "Tupac Amaru"
        ]
      },
      {
        "codigo": "06 C",
        "nombre": "Canchis",
        "distritos": [
          "Sicuani",
          "Checacupe",
          "Combapata",
          "Marangani",
          "Pitumarca",
          "San Pablo",
          "San Pedro",
          "Tinta"
        ]
      },
      {
        "codigo": "07 C",
        "nombre": "Chumbivilcas",
        "distritos": [
          "Santo Tomas",
          "Capacmarca",
          "Chamaca",
          "Colquemarca",
          "Livitaca",
          "Llusco",
          "Quiñota",
          "Velille"
        ]
      },
      {
        "codigo": "08 E",
        "nombre": "Espinar",
        "distritos": [
          "Espinar",
          "Condoroma",
          "Coporaque",
          "Ocoruro",
          "Pallpata",
          "Pichigua",
          "Suyckutambo",
          "Alto Pichigua"
        ]
      },
      {
        "codigo": "09 L",
        "nombre": "La Convención",
        "distritos": [
          "Santa Ana",
          "Echarate",
          "Huayopata",
          "Maranura",
          "Ocobamba",
          "Quellouno",
          "Kimbiri",
          "Santa Teresa",
          "Vilcabamba",
          "Pichari",
          "Inkawasi",
          "Villa Virgen",
          "Villa Kintiarina",
          "Megantoni",
          "Kumpirushiato",
          "Cielo Punco",
          "Manitea",
          "Unión Ashaninka"
        ]
      },
      {
        "codigo": "10 P",
        "nombre": "Paruro",
        "distritos": [
          "Paruro",
          "Accha",
          "Ccapi",
          "Colcha",
          "Huanoquite",
          "Omacha",
          "Paccaritambo",
          "Pillpinto",
          "Yaurisque"
        ]
      },
      {
        "codigo": "11 P",
        "nombre": "Paucartambo",
        "distritos": [
          "Paucartambo",
          "Caicay",
          "Challabamba",
          "Colquepata",
          "Huancarani",
          "Kosñipata"
        ]
      },
      {
        "codigo": "12 Q",
        "nombre": "Quispicanchi",
        "distritos": [
          "Urcos",
          "Andahuaylillas",
          "Camanti",
          "Ccarhuayo",
          "Ccatca",
          "Cusipata",
          "Huaro",
          "Lucre",
          "Marcapata",
          "Ocongate",
          "Oropesa",
          "Quiquijana"
        ]
      },
      {
        "codigo": "13 U",
        "nombre": "Urubamba",
        "distritos": [
          "Urubamba",
          "Chinchero",
          "Huayllabamba",
          "Machupicchu",
          "Maras",
          "Ollantaytambo",
          "Yucay"
        ]
      }
    ]
  },
  {
    "codigo": "09",
    "nombre": "Huancavelica",
    "provincias": [
      {
        "codigo": "01 H",
        "nombre": "Huancavelica",
        "distritos": [
          "Huancavelica",
          "Acobambilla",
          "Acoria",
          "Conayca",
          "Cuenca",
          "Huachocolpa",
          "Huayllahuara",
          "Izcuchaca",
          "Laria",
          "Manta",
          "Mariscal Cáceres",
          "Moya",
          "Nuevo Occoro",
          "Palca",
          "Pilchaca",
          "Vilca",
          "Yauli",
          "Ascensión",
          "Huando"
        ]
      },
      {
        "codigo": "02 A",
        "nombre": "Acobamba",
        "distritos": [
          "Acobamba",
          "Andabamba",
          "Anta",
          "Caja",
          "Marcas",
          "Paucara",
          "Pomacocha",
          "Rosario"
        ]
      },
      {
        "codigo": "03 A",
        "nombre": "Angaraes",
        "distritos": [
          "Lircay",
          "Anchonga",
          "Callanmarca",
          "Ccochaccasa",
          "Chincho",
          "Congalla",
          "Huanca-Huanca",
          "Huayllay Grande",
          "Julcamarca",
          "San Antonio de Antaparco",
          "Santo Tomas de Pata",
          "Secclla"
        ]
      },
      {
        "codigo": "04 C",
        "nombre": "Castrovirreyna",
        "distritos": [
          "Castrovirreyna",
          "Arma",
          "Aurahua",
          "Capillas",
          "Chupamarca",
          "Cocas",
          "Huachos",
          "Huamatambo",
          "Mollepampa",
          "San Juan",
          "Santa Ana",
          "Tantara",
          "Ticrapo"
        ]
      },
      {
        "codigo": "05 C",
        "nombre": "Churcampa",
        "distritos": [
          "Churcampa",
          "Anco",
          "Chinchihuasi",
          "El Carmen",
          "La Merced",
          "Locroja",
          "Paucarbamba",
          "San Miguel de Mayocc",
          "San Pedro de Coris",
          "Pachamarca",
          "Cosme"
        ]
      },
      {
        "codigo": "06 H",
        "nombre": "Huaytará",
        "distritos": [
          "Huaytara",
          "Ayavi",
          "Córdova",
          "Huayacundo Arma",
          "Laramarca",
          "Ocoyo",
          "Pilpichaca",
          "Querco",
          "Quito-Arma",
          "San Antonio de Cusicancha",
          "San Francisco de Sangayaico",
          "San Isidro",
          "Santiago de Chocorvos",
          "Santiago de Quirahuara",
          "Santo Domingo de Capillas",
          "Tambo"
        ]
      },
      {
        "codigo": "07 T",
        "nombre": "Tayacaja",
        "distritos": [
          "Pampas",
          "Acostambo",
          "Acraquia",
          "Ahuaycha",
          "Colcabamba",
          "Daniel Hernández",
          "Huachocolpa",
          "Huaribamba",
          "Ñahuimpuquio",
          "Pazos",
          "Quishuar",
          "Salcabamba",
          "Salcahuasi",
          "San Marcos de Rocchac",
          "Surcubamba",
          "Tintay Puncu",
          "Quichuas",
          "Andaymarca",
          "Roble",
          "Pichos",
          "Santiago de Tucuma",
          "Lambras",
          "Cochabamba"
        ]
      }
    ]
  },
  {
    "codigo": "10",
    "nombre": "Huánuco",
    "provincias": [
      {
        "codigo": "01 H",
        "nombre": "Huánuco",
        "distritos": [
          "Huanuco",
          "Amarilis",
          "Chinchao",
          "Churubamba",
          "Margos",
          "Quisqui (Kichki)",
          "San Francisco de Cayran",
          "San Pedro de Chaulan",
          "Santa María del Valle",
          "Yarumayo",
          "Pillco Marca",
          "Yacus",
          "San Pablo de Pillao"
        ]
      },
      {
        "codigo": "02 A",
        "nombre": "Ambo",
        "distritos": [
          "Ambo",
          "Cayna",
          "Colpas",
          "Conchamarca",
          "Huacar",
          "San Francisco",
          "San Rafael",
          "Tomay Kichwa"
        ]
      },
      {
        "codigo": "03 D",
        "nombre": "Dos de Mayo",
        "distritos": [
          "La Unión",
          "Chuquis",
          "Marías",
          "Pachas",
          "Quivilla",
          "Ripan",
          "Shunqui",
          "Sillapata",
          "Yanas"
        ]
      },
      {
        "codigo": "04 H",
        "nombre": "Huacaybamba",
        "distritos": [
          "Huacaybamba",
          "Canchabamba",
          "Cochabamba",
          "Pinra"
        ]
      },
      {
        "codigo": "05 H",
        "nombre": "Huamalíes",
        "distritos": [
          "Llata",
          "Arancay",
          "Chavín de Pariarca",
          "Jacas Grande",
          "Jircan",
          "Miraflores",
          "Monzón",
          "Punchao",
          "Puños",
          "Singa",
          "Tantamayo"
        ]
      },
      {
        "codigo": "06 L",
        "nombre": "Leoncio Prado",
        "distritos": [
          "Rupa-Rupa",
          "Daniel Alomía Robles",
          "Hermílio Valdizan",
          "José Crespo y Castillo",
          "Luyando",
          "Mariano Damaso Beraun",
          "Pucayacu",
          "Castillo Grande",
          "Pueblo Nuevo",
          "Santo Domingo de Anda"
        ]
      },
      {
        "codigo": "07 M",
        "nombre": "Marañón",
        "distritos": [
          "Huacrachuco",
          "Cholon",
          "San Buenaventura",
          "La Morada",
          "Santa Rosa de Alto Yanajanca"
        ]
      },
      {
        "codigo": "08 P",
        "nombre": "Pachitea",
        "distritos": [
          "Panao",
          "Chaglla",
          "Molino",
          "Umari"
        ]
      },
      {
        "codigo": "09 P",
        "nombre": "Puerto Inca",
        "distritos": [
          "Puerto Inca",
          "Codo del Pozuzo",
          "Honoria",
          "Tournavista",
          "Yuyapichis"
        ]
      },
      {
        "codigo": "10 L",
        "nombre": "Lauricocha",
        "distritos": [
          "Jesús",
          "Baños",
          "Jivia",
          "Queropalca",
          "Rondos",
          "San Francisco de Asís",
          "San Miguel de Cauri"
        ]
      },
      {
        "codigo": "11 Y",
        "nombre": "Yarowilca",
        "distritos": [
          "Chavinillo",
          "Cahuac",
          "Chacabamba",
          "Aparicio Pomares",
          "Jacas Chico",
          "Obas",
          "Pampamarca",
          "Choras"
        ]
      }
    ]
  },
  {
    "codigo": "11",
    "nombre": "Ica",
    "provincias": [
      {
        "codigo": "01 I",
        "nombre": "Ica",
        "distritos": [
          "Ica",
          "La Tinguiña",
          "Los Aquijes",
          "Ocucaje",
          "Pachacutec",
          "Parcona",
          "Pueblo Nuevo",
          "Salas",
          "San José de Los Molinos",
          "San Juan Bautista",
          "Santiago",
          "Subtanjalla",
          "Tate",
          "Yauca del Rosario"
        ]
      },
      {
        "codigo": "02 C",
        "nombre": "Chincha",
        "distritos": [
          "Chincha Alta",
          "Alto Laran",
          "Chavin",
          "Chincha Baja",
          "El Carmen",
          "Grocio Prado",
          "Pueblo Nuevo",
          "San Juan de Yanac",
          "San Pedro de Huacarpana",
          "Sunampe",
          "Tambo de Mora"
        ]
      },
      {
        "codigo": "03 N",
        "nombre": "Nasca",
        "distritos": [
          "Nasca",
          "Changuillo",
          "El Ingenio",
          "Marcona",
          "Vista Alegre"
        ]
      },
      {
        "codigo": "04 P",
        "nombre": "Palpa",
        "distritos": [
          "Palpa",
          "Llipata",
          "Río Grande",
          "Santa Cruz",
          "Tibillo"
        ]
      },
      {
        "codigo": "05 P",
        "nombre": "Pisco",
        "distritos": [
          "Pisco",
          "Huancano",
          "Humay",
          "Independencia",
          "Paracas",
          "San Andrés",
          "San Clemente",
          "Tupac Amaru Inca"
        ]
      }
    ]
  },
  {
    "codigo": "12",
    "nombre": "Junín",
    "provincias": [
      {
        "codigo": "01 H",
        "nombre": "Huancayo",
        "distritos": [
          "Huancayo",
          "Carhuacallanga",
          "Chacapampa",
          "Chicche",
          "Chilca",
          "Chongos Alto",
          "Chupuro",
          "Colca",
          "Cullhuas",
          "El Tambo",
          "Huacrapuquio",
          "Hualhuas",
          "Huancan",
          "Huasicancha",
          "Huayucachi",
          "Ingenio",
          "Pariahuanca",
          "Pilcomayo",
          "Pucara",
          "Quichuay",
          "Quilcas",
          "San Agustín",
          "San Jerónimo de Tunan",
          "Saño",
          "Sapallanga",
          "Sicaya",
          "Santo Domingo de Acobamba",
          "Viques"
        ]
      },
      {
        "codigo": "02 C",
        "nombre": "Concepción",
        "distritos": [
          "Concepción",
          "Aco",
          "Andamarca",
          "Chambara",
          "Cochas",
          "Comas",
          "Heroínas Toledo",
          "Manzanares",
          "Mariscal Castilla",
          "Matahuasi",
          "Mito",
          "Nueve de Julio",
          "Orcotuna",
          "San José de Quero",
          "Santa Rosa de Ocopa"
        ]
      },
      {
        "codigo": "03 C",
        "nombre": "Chanchamayo",
        "distritos": [
          "Chanchamayo",
          "Perene",
          "Pichanaqui",
          "San Luis de Shuaro",
          "San Ramón",
          "Vitoc"
        ]
      },
      {
        "codigo": "04 J",
        "nombre": "Jauja",
        "distritos": [
          "Jauja",
          "Acolla",
          "Apata",
          "Ataura",
          "Canchayllo",
          "Curicaca",
          "El Mantaro",
          "Huamali",
          "Huaripampa",
          "Huertas",
          "Janjaillo",
          "Julcán",
          "Leonor Ordóñez",
          "Llocllapampa",
          "Marco",
          "Masma",
          "Masma Chicche",
          "Molinos",
          "Monobamba",
          "Muqui",
          "Muquiyauyo",
          "Paca",
          "Paccha",
          "Pancan",
          "Parco",
          "Pomacancha",
          "Ricran",
          "San Lorenzo",
          "San Pedro de Chunan",
          "Sausa",
          "Sincos",
          "Tunan Marca",
          "Yauli",
          "Yauyos"
        ]
      },
      {
        "codigo": "05 J",
        "nombre": "Junín",
        "distritos": [
          "Junin",
          "Carhuamayo",
          "Ondores",
          "Ulcumayo"
        ]
      },
      {
        "codigo": "06 S",
        "nombre": "Satipo",
        "distritos": [
          "Satipo",
          "Coviriali",
          "Llaylla",
          "Mazamari",
          "Pampa Hermosa",
          "Pangoa",
          "Río Negro",
          "Río Tambo",
          "Vizcatán del Ene"
        ]
      },
      {
        "codigo": "07 T",
        "nombre": "Tarma",
        "distritos": [
          "Tarma",
          "Acobamba",
          "Huaricolca",
          "Huasahuasi",
          "La Unión",
          "Palca",
          "Palcamayo",
          "San Pedro de Cajas",
          "Tapo"
        ]
      },
      {
        "codigo": "08 Y",
        "nombre": "Yauli",
        "distritos": [
          "La Oroya",
          "Chacapalpa",
          "Huay-Huay",
          "Marcapomacocha",
          "Morococha",
          "Paccha",
          "Santa Bárbara de Carhuacayan",
          "Santa Rosa de Sacco",
          "Suitucancha",
          "Yauli"
        ]
      },
      {
        "codigo": "09 C",
        "nombre": "Chupaca",
        "distritos": [
          "Chupaca",
          "Ahuac",
          "Chongos Bajo",
          "Huachac",
          "Huamancaca Chico",
          "San Juan de Iscos",
          "San Juan de Jarpa",
          "Tres de Diciembre",
          "Yanacancha"
        ]
      }
    ]
  },
  {
    "codigo": "13",
    "nombre": "La Libertad",
    "provincias": [
      {
        "codigo": "01 T",
        "nombre": "Trujillo",
        "distritos": [
          "Trujillo",
          "El Porvenir",
          "Florencia de Mora",
          "Huanchaco",
          "La Esperanza",
          "Laredo",
          "Moche",
          "Poroto",
          "Salaverry",
          "Simbal",
          "Victor Larco Herrera",
          "Alto Trujillo"
        ]
      },
      {
        "codigo": "02 A",
        "nombre": "Ascope",
        "distritos": [
          "Ascope",
          "Chicama",
          "Chocope",
          "Magdalena de Cao",
          "Paijan",
          "Rázuri",
          "Santiago de Cao",
          "Casa Grande"
        ]
      },
      {
        "codigo": "03 B",
        "nombre": "Bolívar",
        "distritos": [
          "Bolívar",
          "Bambamarca",
          "Condormarca",
          "Longotea",
          "Uchumarca",
          "Ucuncha"
        ]
      },
      {
        "codigo": "04 C",
        "nombre": "Chepén",
        "distritos": [
          "Chepen",
          "Pacanga",
          "Pueblo Nuevo"
        ]
      },
      {
        "codigo": "05 J",
        "nombre": "Julcán",
        "distritos": [
          "Julcan",
          "Calamarca",
          "Carabamba",
          "Huaso"
        ]
      },
      {
        "codigo": "06 O",
        "nombre": "Otuzco",
        "distritos": [
          "Otuzco",
          "Agallpampa",
          "Charat",
          "Huaranchal",
          "La Cuesta",
          "Mache",
          "Paranday",
          "Salpo",
          "Sinsicap",
          "Usquil"
        ]
      },
      {
        "codigo": "07 P",
        "nombre": "Pacasmayo",
        "distritos": [
          "San Pedro de Lloc",
          "Guadalupe",
          "Jequetepeque",
          "Pacasmayo",
          "San José"
        ]
      },
      {
        "codigo": "08 P",
        "nombre": "Pataz",
        "distritos": [
          "Tayabamba",
          "Buldibuyo",
          "Chillia",
          "Huancaspata",
          "Huaylillas",
          "Huayo",
          "Ongon",
          "Parcoy",
          "Pataz",
          "Pias",
          "Santiago de Challas",
          "Taurija",
          "Urpay"
        ]
      },
      {
        "codigo": "09 S",
        "nombre": "Sánchez Carrión",
        "distritos": [
          "Huamachuco",
          "Chugay",
          "Cochorco",
          "Curgos",
          "Marcabal",
          "Sanagoran",
          "Sarin",
          "Sartimbamba"
        ]
      },
      {
        "codigo": "10 S",
        "nombre": "Santiago de Chuco",
        "distritos": [
          "Santiago de Chuco",
          "Angasmarca",
          "Cachicadan",
          "Mollebamba",
          "Mollepata",
          "Quiruvilca",
          "Santa Cruz de Chuca",
          "Sitabamba"
        ]
      },
      {
        "codigo": "11 G",
        "nombre": "Gran Chimú",
        "distritos": [
          "Cascas",
          "Lucma",
          "Marmot",
          "Sayapullo"
        ]
      },
      {
        "codigo": "12 V",
        "nombre": "Virú",
        "distritos": [
          "Viru",
          "Chao",
          "Guadalupito"
        ]
      }
    ]
  },
  {
    "codigo": "14",
    "nombre": "Lambayeque",
    "provincias": [
      {
        "codigo": "01 C",
        "nombre": "Chiclayo",
        "distritos": [
          "Chiclayo",
          "Chongoyape",
          "Eten",
          "Eten Puerto",
          "José Leonardo Ortiz",
          "La Victoria",
          "Lagunas",
          "Monsefu",
          "Nueva Arica",
          "Oyotun",
          "Picsi",
          "Pimentel",
          "Reque",
          "Santa Rosa",
          "Saña",
          "Cayalti",
          "Patapo",
          "Pomalca",
          "Pucala",
          "Tuman"
        ]
      },
      {
        "codigo": "02 F",
        "nombre": "Ferreñafe",
        "distritos": [
          "Ferreñafe",
          "Cañaris",
          "Incahuasi",
          "Manuel Antonio Mesones Muro",
          "Pitipo",
          "Pueblo Nuevo"
        ]
      },
      {
        "codigo": "03 L",
        "nombre": "Lambayeque",
        "distritos": [
          "Lambayeque",
          "Chochope",
          "Illimo",
          "Jayanca",
          "Mochumi",
          "Morrope",
          "Motupe",
          "Olmos",
          "Pacora",
          "Salas",
          "San José",
          "Tucume"
        ]
      }
    ]
  },
  {
    "codigo": "15",
    "nombre": "Lima",
    "provincias": [
      {
        "codigo": "01 L",
        "nombre": "Lima",
        "distritos": [
          "Lima",
          "Ancón",
          "Ate",
          "Barranco",
          "Breña",
          "Carabayllo",
          "Chaclacayo",
          "Chorrillos",
          "Cieneguilla",
          "Comas",
          "El Agustino",
          "Independencia",
          "Jesús María",
          "La Molina",
          "La Victoria",
          "Lince",
          "Los Olivos",
          "Lurigancho",
          "Lurin",
          "Magdalena del Mar",
          "Pueblo Libre",
          "Miraflores",
          "Pachacamac",
          "Pucusana",
          "Puente Piedra",
          "Punta Hermosa",
          "Punta Negra",
          "Rímac",
          "San Bartolo",
          "San Borja",
          "San Isidro",
          "San Juan de Lurigancho",
          "San Juan de Miraflores",
          "San Luis",
          "San Martín de Porres",
          "San Miguel",
          "Santa Anita",
          "Santa María del Mar",
          "Santa Rosa",
          "Santiago de Surco",
          "Surquillo",
          "Villa El Salvador",
          "Villa María del Triunfo"
        ]
      },
      {
        "codigo": "02 B",
        "nombre": "Barranca",
        "distritos": [
          "Barranca",
          "Paramonga",
          "Pativilca",
          "Supe",
          "Supe Puerto"
        ]
      },
      {
        "codigo": "03 C",
        "nombre": "Cajatambo",
        "distritos": [
          "Cajatambo",
          "Copa",
          "Gorgor",
          "Huancapon",
          "Manas"
        ]
      },
      {
        "codigo": "04 C",
        "nombre": "Canta",
        "distritos": [
          "Canta",
          "Arahuay",
          "Huamantanga",
          "Huaros",
          "Lachaqui",
          "San Buenaventura",
          "Santa Rosa de Quives"
        ]
      },
      {
        "codigo": "05 C",
        "nombre": "Cañete",
        "distritos": [
          "San Vicente de Cañete",
          "Asia",
          "Calango",
          "Cerro Azul",
          "Chilca",
          "Coayllo",
          "Imperial",
          "Lunahuana",
          "Mala",
          "Nuevo Imperial",
          "Pacaran",
          "Quilmana",
          "San Antonio",
          "San Luis",
          "Santa Cruz de Flores",
          "Zúñiga"
        ]
      },
      {
        "codigo": "06 H",
        "nombre": "Huaral",
        "distritos": [
          "Huaral",
          "Atavillos Alto",
          "Atavillos Bajo",
          "Aucallama",
          "Chancay",
          "Ihuari",
          "Lampian",
          "Pacaraos",
          "San Miguel de Acos",
          "Santa Cruz de Andamarca",
          "Sumbilca",
          "Veintisiete de Noviembre"
        ]
      },
      {
        "codigo": "07 H",
        "nombre": "Huarochirí",
        "distritos": [
          "Matucana",
          "Antioquia",
          "Callahuanca",
          "Carampoma",
          "Chicla",
          "Cuenca",
          "Huachupampa",
          "Huanza",
          "Huarochiri",
          "Lahuaytambo",
          "Langa",
          "Laraos",
          "Mariatana",
          "Ricardo Palma",
          "San Andrés de Tupicocha",
          "San Antonio",
          "San Bartolomé",
          "San Damian",
          "San Juan de Iris",
          "San Juan de Tantaranche",
          "San Lorenzo de Quinti",
          "San Mateo",
          "San Mateo de Otao",
          "San Pedro de Casta",
          "San Pedro de Huancayre",
          "Sangallaya",
          "Santa Cruz de Cocachacra",
          "Santa Eulalia",
          "Santiago de Anchucaya",
          "Santiago de Tuna",
          "Santo Domingo de Los Olleros",
          "Surco"
        ]
      },
      {
        "codigo": "08 H",
        "nombre": "Huaura",
        "distritos": [
          "Huacho",
          "Ambar",
          "Caleta de Carquin",
          "Checras",
          "Hualmay",
          "Huaura",
          "Leoncio Prado",
          "Paccho",
          "Santa Leonor",
          "Santa María",
          "Sayan",
          "Vegueta"
        ]
      },
      {
        "codigo": "09 O",
        "nombre": "Oyón",
        "distritos": [
          "Oyon",
          "Andajes",
          "Caujul",
          "Cochamarca",
          "Navan",
          "Pachangara"
        ]
      },
      {
        "codigo": "10 Y",
        "nombre": "Yauyos",
        "distritos": [
          "Yauyos",
          "Alis",
          "Allauca",
          "Ayaviri",
          "Azángaro",
          "Cacra",
          "Carania",
          "Catahuasi",
          "Chocos",
          "Cochas",
          "Colonia",
          "Hongos",
          "Huampara",
          "Huancaya",
          "Huangascar",
          "Huantan",
          "Huañec",
          "Laraos",
          "Lincha",
          "Madean",
          "Miraflores",
          "Omas",
          "Putinza",
          "Quinches",
          "Quinocay",
          "San Joaquín",
          "San Pedro de Pilas",
          "Tanta",
          "Tauripampa",
          "Tomas",
          "Tupe",
          "Viñac",
          "Vitis"
        ]
      }
    ]
  },
  {
    "codigo": "16",
    "nombre": "Loreto",
    "provincias": [
      {
        "codigo": "01 M",
        "nombre": "Maynas",
        "distritos": [
          "Iquitos",
          "Alto Nanay",
          "Fernando Lores",
          "Indiana",
          "Las Amazonas",
          "Mazan",
          "Napo",
          "Punchana",
          "Torres Causana",
          "Belén",
          "San Juan Bautista"
        ]
      },
      {
        "codigo": "02 A",
        "nombre": "Alto Amazonas",
        "distritos": [
          "Yurimaguas",
          "Balsapuerto",
          "Jeberos",
          "Lagunas",
          "Santa Cruz",
          "Teniente Cesar López Rojas"
        ]
      },
      {
        "codigo": "03 L",
        "nombre": "Loreto",
        "distritos": [
          "Nauta",
          "Parinari",
          "Tigre",
          "Trompeteros",
          "Urarinas"
        ]
      },
      {
        "codigo": "04 M",
        "nombre": "Mariscal Ramón Castilla",
        "distritos": [
          "Ramón Castilla",
          "Pebas",
          "Yavari",
          "San Pablo"
        ]
      },
      {
        "codigo": "05 R",
        "nombre": "Requena",
        "distritos": [
          "Requena",
          "Alto Tapiche",
          "Capelo",
          "Emilio San Martín",
          "Maquia",
          "Puinahua",
          "Saquena",
          "Soplin",
          "Tapiche",
          "Jenaro Herrera",
          "Yaquerana"
        ]
      },
      {
        "codigo": "06 U",
        "nombre": "Ucayali",
        "distritos": [
          "Contamana",
          "Inahuaya",
          "Padre Márquez",
          "Pampa Hermosa",
          "Sarayacu",
          "Vargas Guerra"
        ]
      },
      {
        "codigo": "07 D",
        "nombre": "Datem del Marañón",
        "distritos": [
          "Barranca",
          "Cahuapanas",
          "Manseriche",
          "Morona",
          "Pastaza",
          "Andoas"
        ]
      },
      {
        "codigo": "08 P",
        "nombre": "Putumayo",
        "distritos": [
          "Putumayo",
          "Rosa Panduro",
          "Teniente Manuel Clavero",
          "Yaguas"
        ]
      }
    ]
  },
  {
    "codigo": "17",
    "nombre": "Madre de Dios",
    "provincias": [
      {
        "codigo": "01 T",
        "nombre": "Tambopata",
        "distritos": [
          "Tambopata",
          "Inambari",
          "Las Piedras",
          "Laberinto"
        ]
      },
      {
        "codigo": "02 M",
        "nombre": "Manu",
        "distritos": [
          "Manu",
          "Fitzcarrald",
          "Madre de Dios",
          "Huepetuhe"
        ]
      },
      {
        "codigo": "03 T",
        "nombre": "Tahuamanu",
        "distritos": [
          "Iñapari",
          "Iberia",
          "Tahuamanu"
        ]
      }
    ]
  },
  {
    "codigo": "18",
    "nombre": "Moquegua",
    "provincias": [
      {
        "codigo": "01 M",
        "nombre": "Mariscal Nieto",
        "distritos": [
          "Moquegua",
          "Carumas",
          "Cuchumbaya",
          "Samegua",
          "San Cristóbal",
          "Torata",
          "San Antonio"
        ]
      },
      {
        "codigo": "02 G",
        "nombre": "General Sánchez Cerro",
        "distritos": [
          "Omate",
          "Chojata",
          "Coalaque",
          "Ichuña",
          "La Capilla",
          "Lloque",
          "Matalaque",
          "Puquina",
          "Quinistaquillas",
          "Ubinas",
          "Yunga"
        ]
      },
      {
        "codigo": "03 I",
        "nombre": "Ilo",
        "distritos": [
          "Ilo",
          "El Algarrobal",
          "Pacocha"
        ]
      }
    ]
  },
  {
    "codigo": "19",
    "nombre": "Pasco",
    "provincias": [
      {
        "codigo": "01 P",
        "nombre": "Pasco",
        "distritos": [
          "Chaupimarca",
          "Huachon",
          "Huariaca",
          "Huayllay",
          "Ninacaca",
          "Pallanchacra",
          "Paucartambo",
          "San Francisco de Asís de Yarusyacan",
          "Simon Bolívar",
          "Ticlacayan",
          "Tinyahuarco",
          "Vicco",
          "Yanacancha"
        ]
      },
      {
        "codigo": "02 D",
        "nombre": "Daniel Alcides Carrión",
        "distritos": [
          "Yanahuanca",
          "Chacayan",
          "Goyllarisquizga",
          "Paucar",
          "San Pedro de Pillao",
          "Santa Ana de Tusi",
          "Tapuc",
          "Vilcabamba"
        ]
      },
      {
        "codigo": "03 O",
        "nombre": "Oxapampa",
        "distritos": [
          "Oxapampa",
          "Chontabamba",
          "Huancabamba",
          "Palcazu",
          "Pozuzo",
          "Puerto Bermúdez",
          "Villa Rica",
          "Constitución"
        ]
      }
    ]
  },
  {
    "codigo": "20",
    "nombre": "Piura",
    "provincias": [
      {
        "codigo": "01 P",
        "nombre": "Piura",
        "distritos": [
          "Piura",
          "Castilla",
          "Catacaos",
          "Cura Mori",
          "El Tallan",
          "La Arena",
          "La Unión",
          "Las Lomas",
          "Tambo Grande",
          "Veintiseis de Octubre"
        ]
      },
      {
        "codigo": "02 A",
        "nombre": "Ayabaca",
        "distritos": [
          "Ayabaca",
          "Frias",
          "Jilili",
          "Lagunas",
          "Montero",
          "Pacaipampa",
          "Paimas",
          "Sapillica",
          "Sicchez",
          "Suyo"
        ]
      },
      {
        "codigo": "03 H",
        "nombre": "Huancabamba",
        "distritos": [
          "Huancabamba",
          "Canchaque",
          "El Carmen de la Frontera",
          "Huarmaca",
          "Lalaquiz",
          "San Miguel de El Faique",
          "Sondor",
          "Sondorillo"
        ]
      },
      {
        "codigo": "04 M",
        "nombre": "Morropón",
        "distritos": [
          "Chulucanas",
          "Buenos Aires",
          "Chalaco",
          "La Matanza",
          "Morropon",
          "Salitral",
          "San Juan de Bigote",
          "Santa Catalina de Mossa",
          "Santo Domingo",
          "Yamango"
        ]
      },
      {
        "codigo": "05 P",
        "nombre": "Paita",
        "distritos": [
          "Paita",
          "Amotape",
          "Arenal",
          "Colan",
          "La Huaca",
          "Tamarindo",
          "Vichayal"
        ]
      },
      {
        "codigo": "06 S",
        "nombre": "Sullana",
        "distritos": [
          "Sullana",
          "Bellavista",
          "Ignacio Escudero",
          "Lancones",
          "Marcavelica",
          "Miguel Checa",
          "Querecotillo",
          "Salitral"
        ]
      },
      {
        "codigo": "07 T",
        "nombre": "Talara",
        "distritos": [
          "Pariñas",
          "El Alto",
          "La Brea",
          "Lobitos",
          "Los Organos",
          "Mancora"
        ]
      },
      {
        "codigo": "08 S",
        "nombre": "Sechura",
        "distritos": [
          "Sechura",
          "Bellavista de la Unión",
          "Bernal",
          "Cristo Nos Valga",
          "Vice",
          "Rinconada Llicuar"
        ]
      }
    ]
  },
  {
    "codigo": "21",
    "nombre": "Puno",
    "provincias": [
      {
        "codigo": "01 P",
        "nombre": "Puno",
        "distritos": [
          "Puno",
          "Acora",
          "Amantani",
          "Atuncolla",
          "Capachica",
          "Chucuito",
          "Coata",
          "Huata",
          "Mañazo",
          "Paucarcolla",
          "Pichacani",
          "Plateria",
          "San Antonio",
          "Tiquillaca",
          "Vilque"
        ]
      },
      {
        "codigo": "02 A",
        "nombre": "Azángaro",
        "distritos": [
          "Azángaro",
          "Achaya",
          "Arapa",
          "Asillo",
          "Caminaca",
          "Chupa",
          "José Domingo Choquehuanca",
          "Muñani",
          "Potoni",
          "Saman",
          "San Anton",
          "San José",
          "San Juan de Salinas",
          "Santiago de Pupuja",
          "Tirapata"
        ]
      },
      {
        "codigo": "03 C",
        "nombre": "Carabaya",
        "distritos": [
          "Macusani",
          "Ajoyani",
          "Ayapata",
          "Coasa",
          "Corani",
          "Crucero",
          "Ituata",
          "Ollachea",
          "San Gaban",
          "Usicayos"
        ]
      },
      {
        "codigo": "04 C",
        "nombre": "Chucuito",
        "distritos": [
          "Juli",
          "Desaguadero",
          "Huacullani",
          "Kelluyo",
          "Pisacoma",
          "Pomata",
          "Zepita"
        ]
      },
      {
        "codigo": "05 E",
        "nombre": "El Collao",
        "distritos": [
          "Ilave",
          "Capazo",
          "Pilcuyo",
          "Santa Rosa",
          "Conduriri"
        ]
      },
      {
        "codigo": "06 H",
        "nombre": "Huancané",
        "distritos": [
          "Huancane",
          "Cojata",
          "Huatasani",
          "Inchupalla",
          "Pusi",
          "Rosaspata",
          "Taraco",
          "Vilque Chico"
        ]
      },
      {
        "codigo": "07 L",
        "nombre": "Lampa",
        "distritos": [
          "Lampa",
          "Cabanilla",
          "Calapuja",
          "Nicasio",
          "Ocuviri",
          "Palca",
          "Paratia",
          "Pucara",
          "Santa Lucia",
          "Vilavila"
        ]
      },
      {
        "codigo": "08 M",
        "nombre": "Melgar",
        "distritos": [
          "Ayaviri",
          "Antauta",
          "Cupi",
          "Llalli",
          "Macari",
          "Nuñoa",
          "Orurillo",
          "Santa Rosa",
          "Umachiri"
        ]
      },
      {
        "codigo": "09 M",
        "nombre": "Moho",
        "distritos": [
          "Moho",
          "Conima",
          "Huayrapata",
          "Tilali"
        ]
      },
      {
        "codigo": "10 S",
        "nombre": "San Antonio de Putina",
        "distritos": [
          "Putina",
          "Ananea",
          "Pedro Vilca Apaza",
          "Quilcapuncu",
          "Sina"
        ]
      },
      {
        "codigo": "11 S",
        "nombre": "San Román",
        "distritos": [
          "Juliaca",
          "Cabana",
          "Cabanillas",
          "Caracoto",
          "San Miguel"
        ]
      },
      {
        "codigo": "12 S",
        "nombre": "Sandia",
        "distritos": [
          "Sandia",
          "Cuyocuyo",
          "Limbani",
          "Patambuco",
          "Phara",
          "Quiaca",
          "San Juan del Oro",
          "Yanahuaya",
          "Alto Inambari",
          "San Pedro de Putina Punco"
        ]
      },
      {
        "codigo": "13 Y",
        "nombre": "Yunguyo",
        "distritos": [
          "Yunguyo",
          "Anapia",
          "Copani",
          "Cuturapi",
          "Ollaraya",
          "Tinicachi",
          "Unicachi"
        ]
      }
    ]
  },
  {
    "codigo": "22",
    "nombre": "San Martín",
    "provincias": [
      {
        "codigo": "01 M",
        "nombre": "Moyobamba",
        "distritos": [
          "Moyobamba",
          "Calzada",
          "Habana",
          "Jepelacio",
          "Soritor",
          "Yantalo"
        ]
      },
      {
        "codigo": "02 B",
        "nombre": "Bellavista",
        "distritos": [
          "Bellavista",
          "Alto Biavo",
          "Bajo Biavo",
          "Huallaga",
          "San Pablo",
          "San Rafael"
        ]
      },
      {
        "codigo": "03 E",
        "nombre": "El Dorado",
        "distritos": [
          "San José de Sisa",
          "Agua Blanca",
          "San Martín",
          "Santa Rosa",
          "Shatoja"
        ]
      },
      {
        "codigo": "04 H",
        "nombre": "Huallaga",
        "distritos": [
          "Saposoa",
          "Alto Saposoa",
          "El Eslabón",
          "Piscoyacu",
          "Sacanche",
          "Tingo de Saposoa"
        ]
      },
      {
        "codigo": "05 L",
        "nombre": "Lamas",
        "distritos": [
          "Lamas",
          "Alonso de Alvarado",
          "Barranquita",
          "Caynarachi",
          "Cuñumbuqui",
          "Pinto Recodo",
          "Rumisapa",
          "San Roque de Cumbaza",
          "Shanao",
          "Tabalosos",
          "Zapatero"
        ]
      },
      {
        "codigo": "06 M",
        "nombre": "Mariscal Cáceres",
        "distritos": [
          "Juanjuí",
          "Campanilla",
          "Huicungo",
          "Pachiza",
          "Pajarillo"
        ]
      },
      {
        "codigo": "07 P",
        "nombre": "Picota",
        "distritos": [
          "Picota",
          "Buenos Aires",
          "Caspisapa",
          "Pilluana",
          "Pucacaca",
          "San Cristóbal",
          "San Hilarión",
          "Shamboyacu",
          "Tingo de Ponasa",
          "Tres Unidos"
        ]
      },
      {
        "codigo": "08 R",
        "nombre": "Rioja",
        "distritos": [
          "Rioja",
          "Awajun",
          "Elías Soplin Vargas",
          "Nueva Cajamarca",
          "Pardo Miguel",
          "Posic",
          "San Fernando",
          "Yorongos",
          "Yuracyacu"
        ]
      },
      {
        "codigo": "09 S",
        "nombre": "San Martín",
        "distritos": [
          "Tarapoto",
          "Alberto Leveau",
          "Cacatachi",
          "Chazuta",
          "Chipurana",
          "El Porvenir",
          "Huimbayoc",
          "Juan Guerra",
          "La Banda de Shilcayo",
          "Morales",
          "Papaplaya",
          "San Antonio",
          "Sauce",
          "Shapaja"
        ]
      },
      {
        "codigo": "10 T",
        "nombre": "Tocache",
        "distritos": [
          "Tocache",
          "Nuevo Progreso",
          "Polvora",
          "Shunte",
          "Uchiza",
          "Santa Lucia"
        ]
      }
    ]
  },
  {
    "codigo": "23",
    "nombre": "Tacna",
    "provincias": [
      {
        "codigo": "01 T",
        "nombre": "Tacna",
        "distritos": [
          "Tacna",
          "Alto de la Alianza",
          "Calana",
          "Ciudad Nueva",
          "Inclan",
          "Pachia",
          "Palca",
          "Pocollay",
          "Sama",
          "Coronel Gregorio Albarracín Lanchipa",
          "La Yarada los Palos"
        ]
      },
      {
        "codigo": "02 C",
        "nombre": "Candarave",
        "distritos": [
          "Candarave",
          "Cairani",
          "Camilaca",
          "Curibaya",
          "Huanuara",
          "Quilahuani"
        ]
      },
      {
        "codigo": "03 J",
        "nombre": "Jorge Basadre",
        "distritos": [
          "Locumba",
          "Ilabaya",
          "Ite"
        ]
      },
      {
        "codigo": "04 T",
        "nombre": "Tarata",
        "distritos": [
          "Tarata",
          "Héroes Albarracín",
          "Estique",
          "Estique-Pampa",
          "Sitajara",
          "Susapaya",
          "Tarucachi",
          "Ticaco"
        ]
      }
    ]
  },
  {
    "codigo": "24",
    "nombre": "Tumbes",
    "provincias": [
      {
        "codigo": "01 T",
        "nombre": "Tumbes",
        "distritos": [
          "Tumbes",
          "Corrales",
          "La Cruz",
          "Pampas de Hospital",
          "San Jacinto",
          "San Juan de la Virgen"
        ]
      },
      {
        "codigo": "02 C",
        "nombre": "Contralmirante Villar",
        "distritos": [
          "Zorritos",
          "Casitas",
          "Canoas de Punta Sal"
        ]
      },
      {
        "codigo": "03 Z",
        "nombre": "Zarumilla",
        "distritos": [
          "Zarumilla",
          "Aguas Verdes",
          "Matapalo",
          "Papayal"
        ]
      }
    ]
  },
  {
    "codigo": "25",
    "nombre": "Ucayali",
    "provincias": [
      {
        "codigo": "01 C",
        "nombre": "Coronel Portillo",
        "distritos": [
          "Calleria",
          "Campoverde",
          "Iparia",
          "Masisea",
          "Yarinacocha",
          "Nueva Requena",
          "Manantay"
        ]
      },
      {
        "codigo": "02 A",
        "nombre": "Atalaya",
        "distritos": [
          "Raymondi",
          "Sepahua",
          "Tahuania",
          "Yurua"
        ]
      },
      {
        "codigo": "03 P",
        "nombre": "Padre Abad",
        "distritos": [
          "Padre Abad",
          "Irazola",
          "Curimana",
          "Neshuya",
          "Alexander Von Humboldt",
          "Huipoca",
          "Boqueron"
        ]
      },
      {
        "codigo": "04 P",
        "nombre": "Purús",
        "distritos": [
          "Purus"
        ]
      }
    ]
  }
]